id,timestamp,image_filename,description,overall_score,submitter_name
2065ecd1-7ca5-4f40-a9a3-0d7aea11e155,2026-08-04T01:28:10.073441,2065ecd1-7ca5-4f40-a9a3-0d7aea11e155.jpg,Create a mountain transport system,3.07,J Z
fa273b7b-a845-458b-944a-25b53ee91625,2026-08-04T02:48:58.245343,fa273b7b-a845-458b-944a-25b53ee91625.jpg,Design an idea of a novel transportation system that can be used to travel in the mountain areas,3.1,JZEE
172f72ec-b46a-49ee-8650-cf858c05f14f,2026-08-04T02:55:30.237933,172f72ec-b46a-49ee-8650-cf858c05f14f.jpg,Design a sketch of an idea for a novel transportation system that can be used to travel in the mountain areas,3.0,JJ
06183021-9a52-4442-84bf-261faf159dbe,2026-08-04T02:58:14.807514,06183021-9a52-4442-84bf-261faf159dbe.jpg,"Please sketch a hairdryer featuring a main cylindrical body intersecting with an angled handle, from two different viewpoints. For each viewpoint, provide two distinct versions: a 'concept view' that retains all your initial perspective scaffolding, bounding boxes, center axes, and internal intersecting ellipses, and a polished 'presentation view' that uses clean, confident contour lines with all underlying construction hidden. You should deliver a total of four sketches that clearly show your underlying structural thinking right next to the final, clean presentation.",3.2,A N
06ee0b75-13d1-4b05-97b6-33de7a6bffb9,2026-08-04T10:05:14.557289,06ee0b75-13d1-4b05-97b6-33de7a6bffb9.jpg,"Please sketch a shampoo bottle—focusing on its generalised, contoured prismatic form and distinct cap—from two different viewpoints. For each viewpoint, provide two distinct versions: a 'concept view' that retains all your initial perspective scaffolding, center axes, bounding volumes, and internal construction ellipses, and a polished 'presentation view' that uses clean, confident contour lines with all underlying construction hidden. You should deliver a total of four sketches that clearly show your underlying structural thinking right next to the final, clean presentation.",3.07,AN
6cafc3d3-b821-405f-bf9e-eeb31e6562e4,2026-08-04T10:06:49.379791,6cafc3d3-b821-405f-bf9e-eeb31e6562e4.jpg,"Please sketch a simple 3D object with a bumpy surface from two different viewpoints. For each viewpoint, provide two distinct versions: a 'concept view' that retains all your initial construction lines, scaffolding, and cross-sectional exploration, and a polished 'presentation view' that uses clean, confident contour lines with all underlying construction hidden. You should deliver a total of four sketches that clearly show your underlying structural thinking right next to the final, clean presentation.",3.23,Test User
9e2aaf34-04a6-4989-9061-bda916910ada,2026-08-04T10:08:08.044146,9e2aaf34-04a6-4989-9061-bda916910ada.jpg,"Please sketch a mechanical flange—featuring a stepped cylindrical body and a circular pattern of bolt holes—from two different viewpoints, such as a 3/4 perspective and a side elevation. For each viewpoint, provide two distinct versions: a 'concept view' that retains all your initial construction lines, center axes, bounding ellipses, and structural scaffolding, and a polished 'presentation view' that uses clean, confident contour lines with all underlying construction hidden. You should deliver a total of four sketches that clearly show your underlying structural thinking right next to the final, clean presentation.",3.23,Test User
cd8c4981-3f71-46af-a9ca-bdbb282609c2,2026-08-04T10:09:23.082645,cd8c4981-3f71-46af-a9ca-bdbb282609c2.jpg,"Please sketch a hairdryer featuring a main cylindrical body intersecting with an angled handle, from two different viewpoints. For each viewpoint, provide two distinct versions: a 'concept view' that retains all your initial perspective scaffolding, bounding boxes, center axes, and internal intersecting ellipses, and a polished 'presentation view' that uses clean, confident contour lines with all underlying construction hidden. You should deliver a total of four sketches that clearly show your underlying structural thinking right next to the final, clean presentation.",3.0,Test User
5053e2f3-0bdf-41b0-9feb-ac390df5a9d9,2026-08-04T10:11:38.960463,5053e2f3-0bdf-41b0-9feb-ac390df5a9d9.jpg,"Please sketch a simple house structure—featuring a primary rectangular volume topped with a pitched roof—from two different viewpoints. For each viewpoint, provide two distinct versions: a 'concept view' that retains all your initial perspective scaffolding, vanishing lines, bounding boxes, and center axes, and a polished 'presentation view' that uses clean, confident contour lines with all underlying construction hidden. You should deliver a total of four sketches that clearly show your underlying structural thinking right next to the final, clean presentation.",3.35,Test User
b814a98b-8f36-474b-907e-d95addd50c6b,2026-08-04T10:13:30.313571,b814a98b-8f36-474b-907e-d95addd50c6b.jpg,"Please sketch a professional-grade stand mixer—similar to the one in the provided image—from two different viewpoints. For each viewpoint, provide two distinct versions: a 'concept view' that retains all your initial construction lines, perspective grids, center axes, and exploratory strokes, and a polished 'presentation view' that uses clean, confident contour lines with all underlying construction hidden. You should deliver a total of four sketches that clearly show your underlying structural thinking right next to the final, clean presentation.",3.13,Test User
13d48b1b-7f48-4e4f-a9e3-ad4062347be8,2026-08-04T10:16:39.620031,13d48b1b-7f48-4e4f-a9e3-ad4062347be8.jpg,"Please sketch a computer mouse—featuring an ergonomic, contoured body with distinct buttons and a scroll wheel—from two different viewpoints. For each viewpoint, provide two distinct versions: a 'concept view' that retains all your initial perspective scaffolding, center axes, and internal construction ellipses, and a polished 'presentation view' that uses clean, confident contour lines with all underlying construction hidden. You should deliver a total of four sketches that clearly show your underlying structural thinking right next to the final, clean presentation.",2.58,Test User
07f81ee0-4267-4c54-8f2a-0ef4426338a1,2026-08-04T10:30:59.888819,07f81ee0-4267-4c54-8f2a-0ef4426338a1.jpg,"Please sketch a potato chip—focusing on its classic, saddle-like curved geometry—from two different viewpoints. For each viewpoint, provide two distinct versions: a 'concept view' that retains all your initial perspective scaffolding, vanishing lines, enclosing bounding boxes, and internal surface contours, and a polished 'presentation view' that uses clean, confident contour lines with all underlying construction hidden. You should deliver a total of four sketches that clearly show your underlying structural thinking right next to the final, clean presentation.",3.45,Test User
b796ae28-6289-4624-9cc5-33e150b6bf1d,2026-08-04T10:32:21.289353,b796ae28-6289-4624-9cc5-33e150b6bf1d.jpg,"Please sketch a shampoo bottle—focusing on its generalised, contoured prismatic form and distinct cap—from two different viewpoints. For each viewpoint, provide two distinct versions: a 'concept view' that retains all your initial perspective scaffolding, center axes, bounding volumes, and internal construction ellipses, and a polished 'presentation view' that uses clean, confident contour lines with all underlying construction hidden. You should deliver a total of four sketches that clearly show your underlying structural thinking right next to the final, clean presentation.",3.0,Test User
ba12d7f5-ea46-4854-a5cd-9e22a3b48a72,2026-08-04T10:33:47.306866,ba12d7f5-ea46-4854-a5cd-9e22a3b48a72.jpg,"Please sketch an arrangement of multiple plastic tubes—featuring varied diameters, orientations, and integrated connecting joints (like elbows, tees, and couplers)—from two different viewpoints. For each viewpoint, provide two distinct versions: a 'concept view' that retains all your initial perspective scaffolding, center axes, bounding volumes, internal cross-sections, and exploratory pencil strokes, and a polished 'presentation view' that uses clean, confident contour lines with all underlying construction hidden. You should deliver a total of four sketches arranged in a grid that clearly show your underlying structural thinking right next to the final, clean presentation.",3.25,Test User
c73635f6-fb86-498d-89c1-5284d1690813,2026-08-04T10:35:03.903082,c73635f6-fb86-498d-89c1-5284d1690813.jpg,"Please sketch a modern cylinder vacuum cleaner—featuring a rounded, compact body with prominent rear wheels, a top handle, an integrated controls panel, a flexible hose connection, and a telescopic wand leading to a floor head—from two different viewpoints. For each viewpoint, provide two distinct versions: a 'concept view' that retains all your initial perspective scaffolding, center axes, bounding boxes, intersecting ellipses, and internal cross-sectional lines, and a polished 'presentation view' that uses clean, confident contour lines with all underlying construction hidden. You should deliver a total of four sketches that clearly show your underlying structural thinking right next to the final, clean presentation.",3.18,Test User
7cd94d1d-7b6c-4943-bf36-022ec59f7e78,2026-08-04T10:36:21.116400,7cd94d1d-7b6c-4943-bf36-022ec59f7e78.jpg,"Please sketch a waffle iron—featuring a hinged, clamshell design with a thick square or rectangular base and an open upper lid—from two different viewpoints. For each viewpoint, provide two distinct versions: a 'concept view' that retains all your initial perspective scaffolding, vanishing lines, bounding boxes defining the upper and lower halves, and sweeping arcs indicating the hinge rotation, and a polished 'presentation view' that uses clean, confident contour lines with all underlying construction hidden. You should deliver a total of four sketches that clearly show your underlying structural thinking right next to the final, clean presentation.",3.37,Test User
ff1940d8-9f03-4a2b-b373-e7473d8cb16f,2026-08-04T10:37:27.773046,ff1940d8-9f03-4a2b-b373-e7473d8cb16f.jpg,"Please sketch a simple object featuring a complex, undulating, or 'wobbly' surface (like a series of waves or mounds on a solid base) from two different viewpoints. For each viewpoint, provide two distinct versions: a 'concept view' that retains all your initial construction lines, perspective scaffolding, bounding boxes, and exploratory contour strokes; and a polished 'presentation view' that uses clean, confident contour lines with all underlying construction hidden. You should deliver a total of four sketches that clearly show your underlying structural thinking right next to the final, clean presentation.",3.57,Test User
d1918792-5126-4e23-9ce8-746ebf8344b2,2026-08-04T12:43:50.175745,d1918792-5126-4e23-9ce8-746ebf8344b2.png,Design a novel chair for your living room,3.42,C H
80772fab-33f1-4a3f-ab1f-1f4886783baa,2026-08-18T02:39:07.360099,80772fab-33f1-4a3f-ab1f-1f4886783baa.png,Design a novel chair for your living room,3.48,Jay Zee
11783782-a200-4148-9e1f-d998d4fe85ce,2026-08-18T02:43:12.813854,11783782-a200-4148-9e1f-d998d4fe85ce.png,Design a novel living room single chair,3.4,JaYZee
bfbe3043-a250-42db-99b6-af9acac1c8e8,2026-08-18T02:45:43.647929,bfbe3043-a250-42db-99b6-af9acac1c8e8.png,Design a novel chair,3.5,Jalal
b39c2601-0a55-4079-96f0-0319e6888c66,2026-08-18T03:10:22.852706,b39c2601-0a55-4079-96f0-0319e6888c66.png,Design a novel chair for the living room,3.47,Jay Zee
5056b6aa-ce3a-4a07-a5cf-1468aaa7b2d2,2026-08-18T03:13:53.168729,5056b6aa-ce3a-4a07-a5cf-1468aaa7b2d2.jpg,"Please sketch a hairdryer featuring a main cylindrical body intersecting with an angled handle, from two different viewpoints. For each viewpoint, provide two distinct versions: a 'concept view' that retains all your initial perspective scaffolding, bounding boxes, center axes, and internal intersecting ellipses, and a polished 'presentation view' that uses clean, confident contour lines with all underlying construction hidden. You should deliver a total of four sketches that clearly show your underlying structural thinking right next to the final, clean presentation.",3.12,Jalal
ea76debc-e875-4dd6-b230-a16aab75f9b3,2026-08-18T03:20:58.231273,ea76debc-e875-4dd6-b230-a16aab75f9b3.jpg,"Please sketch a simple house structure—featuring a primary rectangular volume topped with a pitched roof—from two different viewpoints. For each viewpoint, provide two distinct versions: a 'concept view' that retains all your initial perspective scaffolding, vanishing lines, bounding boxes, and center axes, and a polished 'presentation view' that uses clean, confident contour lines with all underlying construction hidden. You should deliver a total of four sketches that clearly show your underlying structural thinking right next to the final, clean presentation.",3.33,Jalal
a22400d6-2504-4568-8d44-8a1c14f4d17f,2026-08-18T03:50:07.548079,a22400d6-2504-4568-8d44-8a1c14f4d17f.jpg,"Please sketch a simple house structure—featuring a primary rectangular volume topped with a pitched roof—from two different viewpoints. For each viewpoint, provide two distinct versions: a 'concept view' that retains all your initial perspective scaffolding, vanishing lines, bounding boxes, and center axes, and a polished 'presentation view' that uses clean, confident contour lines with all underlying construction hidden. You should deliver a total of four sketches that clearly show your underlying structural thinking right next to the final, clean presentation.",2.92,Jalal
2fc3afe9-6fdf-4800-8c01-b719ac7fcaab,2026-08-18T04:05:28.448055,2fc3afe9-6fdf-4800-8c01-b719ac7fcaab.jpg,"Please sketch a simple house structure—featuring a primary rectangular volume topped with a pitched roof—from two different viewpoints. For each viewpoint, provide two distinct versions: a 'concept view' that retains all your initial perspective scaffolding, vanishing lines, bounding boxes, and center axes, and a polished 'presentation view' that uses clean, confident contour lines with all underlying construction hidden. You should deliver a total of four sketches that clearly show your underlying structural thinking right next to the final, clean presentation.",2.57,Jalal
3ab628e1-2c41-48bc-9115-87d5274a2fbf,2026-08-18T04:38:03.096560,3ab628e1-2c41-48bc-9115-87d5274a2fbf.jpg,"Please sketch a professional-grade stand mixer—similar to the one in the provided image—from two different viewpoints. For each viewpoint, provide two distinct versions: a 'concept view' that retains all your initial construction lines, perspective grids, center axes, and exploratory strokes, and a polished 'presentation view' that uses clean, confident contour lines with all underlying construction hidden. You should deliver a total of four sketches that clearly show your underlying structural thinking right next to the final, clean presentation.",3.03,Jalal
e62b6c46-59ef-4c63-ac5c-c7038eb4b5ea,2026-08-18T07:07:41.583067,e62b6c46-59ef-4c63-ac5c-c7038eb4b5ea.jpg,"Please sketch a professional-grade stand mixer—similar to the one in the provided image—from two different viewpoints. For each viewpoint, provide two distinct versions: a 'concept view' that retains all your initial construction lines, perspective grids, center axes, and exploratory strokes, and a polished 'presentation view' that uses clean, confident contour lines with all underlying construction hidden. You should deliver a total of four sketches that clearly show your underlying structural thinking right next to the final, clean presentation.",2.82,Hidayat
5cb3a21f-235b-491c-97e1-edd0dbabfe6b,2026-08-18T07:11:49.220108,5cb3a21f-235b-491c-97e1-edd0dbabfe6b.jpg,"Please sketch a professional-grade stand mixer—similar to the one in the provided image—from two different viewpoints. For each viewpoint, provide two distinct versions: a 'concept view' that retains all your initial construction lines, perspective grids, center axes, and exploratory strokes, and a polished 'presentation view' that uses clean, confident contour lines with all underlying construction hidden. You should deliver a total of four sketches that clearly show your underlying structural thinking right next to the final, clean presentation.",2.83,Hidayat
69d7d8ff-a8ce-4e6d-834e-db314e62883d,2026-08-18T07:14:59.028681,69d7d8ff-a8ce-4e6d-834e-db314e62883d.jpg,"Please sketch a hairdryer featuring a main cylindrical body intersecting with an angled handle, from two different viewpoints. For each viewpoint, provide two distinct versions: a 'concept view' that retains all your initial perspective scaffolding, bounding boxes, center axes, and internal intersecting ellipses, and a polished 'presentation view' that uses clean, confident contour lines with all underlying construction hidden. You should deliver a total of four sketches that clearly show your underlying structural thinking right next to the final, clean presentation.",2.92,Hidayat
1c9a929e-d99c-40c5-856b-18fb064ed9e3,2026-08-18T07:17:33.594047,1c9a929e-d99c-40c5-856b-18fb064ed9e3.jpg,"Please sketch a simple 3D object with a bumpy surface from two different viewpoints. For each viewpoint, provide two distinct versions: a 'concept view' that retains all your initial construction lines, scaffolding, and cross-sectional exploration, and a polished 'presentation view' that uses clean, confident contour lines with all underlying construction hidden. You should deliver a total of four sketches that clearly show your underlying structural thinking right next to the final, clean presentation.",2.85,Hidayat
ee52fde7-8d80-441f-8796-ea25b52a72e1,2026-08-18T07:20:42.416525,ee52fde7-8d80-441f-8796-ea25b52a72e1.jpg,"Please sketch a mechanical flange—featuring a stepped cylindrical body and a circular pattern of bolt holes—from two different viewpoints, such as a 3/4 perspective and a side elevation. For each viewpoint, provide two distinct versions: a 'concept view' that retains all your initial construction lines, center axes, bounding ellipses, and structural scaffolding, and a polished 'presentation view' that uses clean, confident contour lines with all underlying construction hidden. You should deliver a total of four sketches that clearly show your underlying structural thinking right next to the final, clean presentation.",3.15,Hidayat
9919fde5-3369-409b-8bea-cb5d074abde9,2026-08-18T07:23:12.534765,9919fde5-3369-409b-8bea-cb5d074abde9.jpg,"Please sketch a simple house structure—featuring a primary rectangular volume topped with a pitched roof—from two different viewpoints. For each viewpoint, provide two distinct versions: a 'concept view' that retains all your initial perspective scaffolding, vanishing lines, bounding boxes, and center axes, and a polished 'presentation view' that uses clean, confident contour lines with all underlying construction hidden. You should deliver a total of four sketches that clearly show your underlying structural thinking right next to the final, clean presentation.",2.59,Hidayat
209eb842-207f-4b1b-bedf-dafb0cd325dd,2026-08-18T07:26:06.721963,209eb842-207f-4b1b-bedf-dafb0cd325dd.jpg," Please sketch a computer mouse—featuring an ergonomic, contoured body with distinct buttons and a scroll wheel—from two different viewpoints. For each viewpoint, provide two distinct versions: a 'concept view' that retains all your initial perspective scaffolding, center axes, and internal construction ellipses, and a polished 'presentation view' that uses clean, confident contour lines with all underlying construction hidden. You should deliver a total of four sketches that clearly show your underlying structural thinking right next to the final, clean presentation.",1.92,Hidayat
91b4f18e-089f-42e9-91f4-98ebe7cb9b73,2026-08-18T07:29:00.681028,91b4f18e-089f-42e9-91f4-98ebe7cb9b73.jpg,"Please sketch a potato chip—focusing on its classic, saddle-like curved geometry—from two different viewpoints. For each viewpoint, provide two distinct versions: a 'concept view' that retains all your initial perspective scaffolding, vanishing lines, enclosing bounding boxes, and internal surface contours, and a polished 'presentation view' that uses clean, confident contour lines with all underlying construction hidden. You should deliver a total of four sketches that clearly show your underlying structural thinking right next to the final, clean presentation.",3.28,Hidayat
e0835b0d-da93-4991-a78f-5150237c4cff,2026-08-18T07:31:46.768886,e0835b0d-da93-4991-a78f-5150237c4cff.jpg,"Please sketch a shampoo bottle—focusing on its generalised, contoured prismatic form and distinct cap—from two different viewpoints. For each viewpoint, provide two distinct versions: a 'concept view' that retains all your initial perspective scaffolding, center axes, bounding volumes, and internal construction ellipses, and a polished 'presentation view' that uses clean, confident contour lines with all underlying construction hidden. You should deliver a total of four sketches that clearly show your underlying structural thinking right next to the final, clean presentation.",2.58,Hidayat
62067a8f-90d2-486b-a7c4-d300905590f1,2026-08-18T07:33:41.343953,62067a8f-90d2-486b-a7c4-d300905590f1.jpg,"Please sketch an arrangement of multiple plastic tubes—featuring varied diameters, orientations, and integrated connecting joints (like elbows, tees, and couplers)—from two different viewpoints. For each viewpoint, provide two distinct versions: a 'concept view' that retains all your initial perspective scaffolding, center axes, bounding volumes, internal cross-sections, and exploratory pencil strokes, and a polished 'presentation view' that uses clean, confident contour lines with all underlying construction hidden. You should deliver a total of four sketches arranged in a grid that clearly show your underlying structural thinking right next to the final, clean presentation.",3.15,Hidayat
a8a4c22b-b707-4b9e-bbfe-f976f29369c2,2026-08-18T07:35:39.618832,a8a4c22b-b707-4b9e-bbfe-f976f29369c2.jpg,"Please sketch a modern cylinder vacuum cleaner—featuring a rounded, compact body with prominent rear wheels, a top handle, an integrated controls panel, a flexible hose connection, and a telescopic wand leading to a floor head—from two different viewpoints. For each viewpoint, provide two distinct versions: a 'concept view' that retains all your initial perspective scaffolding, center axes, bounding boxes, intersecting ellipses, and internal cross-sectional lines, and a polished 'presentation view' that uses clean, confident contour lines with all underlying construction hidden. You should deliver a total of four sketches that clearly show your underlying structural thinking right next to the final, clean presentation.",3.12,Hidayat
d07885a3-a542-4604-a0ff-b67eeb23d66b,2026-08-18T07:38:52.749835,d07885a3-a542-4604-a0ff-b67eeb23d66b.jpg,"Please sketch a waffle iron—featuring a hinged, clamshell design with a thick square or rectangular base and an open upper lid—from two different viewpoints. For each viewpoint, provide two distinct versions: a 'concept view' that retains all your initial perspective scaffolding, vanishing lines, bounding boxes defining the upper and lower halves, and sweeping arcs indicating the hinge rotation, and a polished 'presentation view' that uses clean, confident contour lines with all underlying construction hidden. You should deliver a total of four sketches that clearly show your underlying structural thinking right next to the final, clean presentation.",2.97,Hidayat
93b3860e-2539-48a6-b54d-8edcbc53f68b,2026-08-18T07:41:49.799938,93b3860e-2539-48a6-b54d-8edcbc53f68b.jpg,"Please sketch a simple object featuring a complex, undulating, or 'wobbly' surface (like a series of waves or mounds on a solid base) from two different viewpoints. For each viewpoint, provide two distinct versions: a 'concept view' that retains all your initial construction lines, perspective scaffolding, bounding boxes, and exploratory contour strokes; and a polished 'presentation view' that uses clean, confident contour lines with all underlying construction hidden. You should deliver a total of four sketches that clearly show your underlying structural thinking right next to the final, clean presentation.",2.92,Hidayat
c10a729e-4aca-4a1f-ab00-29e660c9fb60,2026-08-18T08:31:19.228710,c10a729e-4aca-4a1f-ab00-29e660c9fb60.jpg,"Please sketch a simple house structure—featuring a primary rectangular volume topped with a pitched roof—from two different viewpoints. For each viewpoint, provide two distinct versions: a 'concept view' that retains all your initial perspective scaffolding, vanishing lines, bounding boxes, and center axes, and a polished 'presentation view' that uses clean, confident contour lines with all underlying construction hidden. You should deliver a total of four sketches that clearly show your underlying structural thinking right next to the final, clean presentation.",3.12,Max
1ce0492d-0215-4d68-9d7e-38ef6fa16b23,2026-08-18T08:34:15.870995,1ce0492d-0215-4d68-9d7e-38ef6fa16b23.jpg,"Please sketch a simple 3D object with a bumpy surface from two different viewpoints. For each viewpoint, provide two distinct versions: a 'concept view' that retains all your initial construction lines, scaffolding, and cross-sectional exploration, and a polished 'presentation view' that uses clean, confident contour lines with all underlying construction hidden. You should deliver a total of four sketches that clearly show your underlying structural thinking right next to the final, clean presentation.",3.72,Max
301c638a-b067-4ca9-95ea-f153e614e67f,2026-08-18T08:37:06.776674,301c638a-b067-4ca9-95ea-f153e614e67f.jpg,"Please sketch a mechanical flange—featuring a stepped cylindrical body and a circular pattern of bolt holes—from two different viewpoints, such as a 3/4 perspective and a side elevation. For each viewpoint, provide two distinct versions: a 'concept view' that retains all your initial construction lines, center axes, bounding ellipses, and structural scaffolding, and a polished 'presentation view' that uses clean, confident contour lines with all underlying construction hidden. You should deliver a total of four sketches that clearly show your underlying structural thinking right next to the final, clean presentation.",3.4,Max
7cdcfe74-facb-4007-8a07-f5a847f9f7f6,2026-08-18T08:39:43.966077,7cdcfe74-facb-4007-8a07-f5a847f9f7f6.jpg,"Please sketch a hairdryer featuring a main cylindrical body intersecting with an angled handle, from two different viewpoints. For each viewpoint, provide two distinct versions: a 'concept view' that retains all your initial perspective scaffolding, bounding boxes, center axes, and internal intersecting ellipses, and a polished 'presentation view' that uses clean, confident contour lines with all underlying construction hidden. You should deliver a total of four sketches that clearly show your underlying structural thinking right next to the final, clean presentation.",3.45,Max
420fbfe9-86cc-4a9b-b6db-62d11df9039e,2026-08-18T08:42:06.590334,420fbfe9-86cc-4a9b-b6db-62d11df9039e.jpg,"Please sketch a professional-grade stand mixer—similar to the one in the provided image—from two different viewpoints. For each viewpoint, provide two distinct versions: a 'concept view' that retains all your initial construction lines, perspective grids, center axes, and exploratory strokes, and a polished 'presentation view' that uses clean, confident contour lines with all underlying construction hidden. You should deliver a total of four sketches that clearly show your underlying structural thinking right next to the final, clean presentation.",3.22,Max
1ae499d0-7696-42dd-a439-1ac454ce7f3a,2026-08-18T08:44:36.438410,1ae499d0-7696-42dd-a439-1ac454ce7f3a.jpg," Please sketch a computer mouse—featuring an ergonomic, contoured body with distinct buttons and a scroll wheel—from two different viewpoints. For each viewpoint, provide two distinct versions: a 'concept view' that retains all your initial perspective scaffolding, center axes, and internal construction ellipses, and a polished 'presentation view' that uses clean, confident contour lines with all underlying construction hidden. You should deliver a total of four sketches that clearly show your underlying structural thinking right next to the final, clean presentation.",2.78,Max
1df3904c-777d-4f82-8a19-003f4fd149c7,2026-08-18T08:46:50.163135,1df3904c-777d-4f82-8a19-003f4fd149c7.jpg,"Please sketch a potato chip—focusing on its classic, saddle-like curved geometry—from two different viewpoints. For each viewpoint, provide two distinct versions: a 'concept view' that retains all your initial perspective scaffolding, vanishing lines, enclosing bounding boxes, and internal surface contours, and a polished 'presentation view' that uses clean, confident contour lines with all underlying construction hidden. You should deliver a total of four sketches that clearly show your underlying structural thinking right next to the final, clean presentation.",4.2,Max
a2ae7d1f-f2f6-4756-8771-fbde7a19fecc,2026-08-18T08:49:08.918058,a2ae7d1f-f2f6-4756-8771-fbde7a19fecc.jpg,"Please sketch a shampoo bottle—focusing on its generalised, contoured prismatic form and distinct cap—from two different viewpoints. For each viewpoint, provide two distinct versions: a 'concept view' that retains all your initial perspective scaffolding, center axes, bounding volumes, and internal construction ellipses, and a polished 'presentation view' that uses clean, confident contour lines with all underlying construction hidden. You should deliver a total of four sketches that clearly show your underlying structural thinking right next to the final, clean presentation.",3.15,Max
0a544c66-28d5-4989-a90a-59c621223f3e,2026-08-18T08:51:51.123981,0a544c66-28d5-4989-a90a-59c621223f3e.jpg,"Please sketch an arrangement of multiple plastic tubes—featuring varied diameters, orientations, and integrated connecting joints (like elbows, tees, and couplers)—from two different viewpoints. For each viewpoint, provide two distinct versions: a 'concept view' that retains all your initial perspective scaffolding, center axes, bounding volumes, internal cross-sections, and exploratory pencil strokes, and a polished 'presentation view' that uses clean, confident contour lines with all underlying construction hidden. You should deliver a total of four sketches arranged in a grid that clearly show your underlying structural thinking right next to the final, clean presentation.",3.63,Max
d2865879-9ead-4cce-9f68-70d105c32992,2026-08-18T08:55:48.390523,d2865879-9ead-4cce-9f68-70d105c32992.jpg,"Please sketch a modern cylinder vacuum cleaner—featuring a rounded, compact body with prominent rear wheels, a top handle, an integrated controls panel, a flexible hose connection, and a telescopic wand leading to a floor head—from two different viewpoints. For each viewpoint, provide two distinct versions: a 'concept view' that retains all your initial perspective scaffolding, center axes, bounding boxes, intersecting ellipses, and internal cross-sectional lines, and a polished 'presentation view' that uses clean, confident contour lines with all underlying construction hidden. You should deliver a total of four sketches that clearly show your underlying structural thinking right next to the final, clean presentation.",3.95,Max
0f8eac7f-4a1e-41f3-b621-49e80072774b,2026-08-18T08:58:24.042659,0f8eac7f-4a1e-41f3-b621-49e80072774b.jpg,"Please sketch a waffle iron—featuring a hinged, clamshell design with a thick square or rectangular base and an open upper lid—from two different viewpoints. For each viewpoint, provide two distinct versions: a 'concept view' that retains all your initial perspective scaffolding, vanishing lines, bounding boxes defining the upper and lower halves, and sweeping arcs indicating the hinge rotation, and a polished 'presentation view' that uses clean, confident contour lines with all underlying construction hidden. You should deliver a total of four sketches that clearly show your underlying structural thinking right next to the final, clean presentation.",3.55,Max
600b5657-9d78-4bcb-bf43-199f26756b26,2026-08-18T09:00:20.561186,600b5657-9d78-4bcb-bf43-199f26756b26.jpg,"Please sketch a simple object featuring a complex, undulating, or 'wobbly' surface (like a series of waves or mounds on a solid base) from two different viewpoints. For each viewpoint, provide two distinct versions: a 'concept view' that retains all your initial construction lines, perspective scaffolding, bounding boxes, and exploratory contour strokes; and a polished 'presentation view' that uses clean, confident contour lines with all underlying construction hidden. You should deliver a total of four sketches that clearly show your underlying structural thinking right next to the final, clean presentation.",3.7,Max
ef5c66f0-f136-4782-bac9-702f9d819951,2026-08-18T09:23:24.214904,ef5c66f0-f136-4782-bac9-702f9d819951.jpg,"Please sketch a simple 3D object with a bumpy surface from two different viewpoints. For each viewpoint, provide two distinct versions: a 'concept view' that retains all your initial construction lines, scaffolding, and cross-sectional exploration, and a polished 'presentation view' that uses clean, confident contour lines with all underlying construction hidden. You should deliver a total of four sketches that clearly show your underlying structural thinking right next to the final, clean presentation.",2.92,Max
58217a7b-7cb0-41e1-b281-40a69de2e542,2026-08-18T09:25:32.828405,58217a7b-7cb0-41e1-b281-40a69de2e542.jpg,"Please sketch a mechanical flange—featuring a stepped cylindrical body and a circular pattern of bolt holes—from two different viewpoints, such as a 3/4 perspective and a side elevation. For each viewpoint, provide two distinct versions: a 'concept view' that retains all your initial construction lines, center axes, bounding ellipses, and structural scaffolding, and a polished 'presentation view' that uses clean, confident contour lines with all underlying construction hidden. You should deliver a total of four sketches that clearly show your underlying structural thinking right next to the final, clean presentation.",3.03,Max
fdffd3fb-251c-4829-8654-3689e90c7c13,2026-08-18T09:27:56.704458,fdffd3fb-251c-4829-8654-3689e90c7c13.jpg,"Please sketch a hairdryer featuring a main cylindrical body intersecting with an angled handle, from two different viewpoints. For each viewpoint, provide two distinct versions: a 'concept view' that retains all your initial perspective scaffolding, bounding boxes, center axes, and internal intersecting ellipses, and a polished 'presentation view' that uses clean, confident contour lines with all underlying construction hidden. You should deliver a total of four sketches that clearly show your underlying structural thinking right next to the final, clean presentation.",2.88,Max
ff49043f-c114-4405-b286-14050f8ab446,2026-08-18T09:30:17.097475,ff49043f-c114-4405-b286-14050f8ab446.jpg,"Please sketch a simple house structure—featuring a primary rectangular volume topped with a pitched roof—from two different viewpoints. For each viewpoint, provide two distinct versions: a 'concept view' that retains all your initial perspective scaffolding, vanishing lines, bounding boxes, and center axes, and a polished 'presentation view' that uses clean, confident contour lines with all underlying construction hidden. You should deliver a total of four sketches that clearly show your underlying structural thinking right next to the final, clean presentation.",2.57,Max
911e0615-9273-4fc6-bf1a-05b60c1e30d8,2026-08-18T09:32:19.568346,911e0615-9273-4fc6-bf1a-05b60c1e30d8.jpg,"Please sketch a professional-grade stand mixer—similar to the one in the provided image—from two different viewpoints. For each viewpoint, provide two distinct versions: a 'concept view' that retains all your initial construction lines, perspective grids, center axes, and exploratory strokes, and a polished 'presentation view' that uses clean, confident contour lines with all underlying construction hidden. You should deliver a total of four sketches that clearly show your underlying structural thinking right next to the final, clean presentation.",2.85,Max
fec6739b-8eb9-4ed6-a39f-a7901a76a868,2026-08-18T09:34:32.894683,fec6739b-8eb9-4ed6-a39f-a7901a76a868.jpg," Please sketch a computer mouse—featuring an ergonomic, contoured body with distinct buttons and a scroll wheel—from two different viewpoints. For each viewpoint, provide two distinct versions: a 'concept view' that retains all your initial perspective scaffolding, center axes, and internal construction ellipses, and a polished 'presentation view' that uses clean, confident contour lines with all underlying construction hidden. You should deliver a total of four sketches that clearly show your underlying structural thinking right next to the final, clean presentation.",2.25,Max
5defa9ea-bd9d-4927-b136-a81c27db2644,2026-08-18T09:36:38.834035,5defa9ea-bd9d-4927-b136-a81c27db2644.jpg,"Please sketch a potato chip—focusing on its classic, saddle-like curved geometry—from two different viewpoints. For each viewpoint, provide two distinct versions: a 'concept view' that retains all your initial perspective scaffolding, vanishing lines, enclosing bounding boxes, and internal surface contours, and a polished 'presentation view' that uses clean, confident contour lines with all underlying construction hidden. You should deliver a total of four sketches that clearly show your underlying structural thinking right next to the final, clean presentation.",3.25,Max
fbe76a7e-1d78-4e9c-9477-09aa0e88ed56,2026-08-18T09:38:40.504201,fbe76a7e-1d78-4e9c-9477-09aa0e88ed56.jpg,"Please sketch a shampoo bottle—focusing on its generalised, contoured prismatic form and distinct cap—from two different viewpoints. For each viewpoint, provide two distinct versions: a 'concept view' that retains all your initial perspective scaffolding, center axes, bounding volumes, and internal construction ellipses, and a polished 'presentation view' that uses clean, confident contour lines with all underlying construction hidden. You should deliver a total of four sketches that clearly show your underlying structural thinking right next to the final, clean presentation.",2.95,Max
c59617c8-e854-4b57-9789-e9068cb5a112,2026-08-19T05:58:09.608616,c59617c8-e854-4b57-9789-e9068cb5a112.jpg,Draw a hairdryer,2.68,MAX
042a2736-ef02-47cc-90c9-a13386cb0939,2026-09-14T19:24:03.986833,042a2736-ef02-47cc-90c9-a13386cb0939.png,"Design an Easy Chair for the Design Center FSRD ITB, a space used for academic and non-academic activities such as guest lectures, seminars, workshops, sharing sessions, and meetings. The chair will primarily be used by speakers, guest speakers, and moderators, although it may also be used by students, lecturers, guests, and other visitors when no event is taking place. The intended users range approximately from 18 to 65 years old, and the chair should be suitable for sitting periods of around 1–3 hours.

Your design should respond to the different ways people may sit during these activities. Users may sit upright or lean back, lean forward while taking notes, rest one or both arms on the armrests, hold a microphone, book, or laptop, cross one leg over the other, or sit with their legs positioned more widely. The chair should therefore provide a comfortable backrest for extended use, supportive armrests, and sufficient seat width to accommodate different sitting positions comfortably. Develop an Easy Chair solution that balances these functional and user needs with a clear and thoughtful design concept.",3.31,Jalal Ameeri
4d7aa73a-afea-44dc-8a38-0a351361d8a8,2026-09-14T19:37:55.044795,4d7aa73a-afea-44dc-8a38-0a351361d8a8.png,"Design an Easy Chair for the Design Center FSRD ITB, a space used for academic and non-academic activities such as guest lectures, seminars, workshops, sharing sessions, and meetings. The chair will primarily be used by speakers, guest speakers, and moderators, although it may also be used by students, lecturers, guests, and other visitors when no event is taking place. The intended users range approximately from 18 to 65 years old, and the chair should be suitable for sitting periods of around 1–3 hours.

Your design should respond to the different ways people may sit during these activities. Users may sit upright or lean back, lean forward while taking notes, rest one or both arms on the armrests, hold a microphone, book, or laptop, cross one leg over the other, or sit with their legs positioned more widely. The chair should therefore provide a comfortable backrest for extended use, supportive armrests, and sufficient seat width to accommodate different sitting positions comfortably. Develop an Easy Chair solution that balances these functional and user needs with a clear and thoughtful design concept.",3.68,Jalal Ameeri
f0dbd507-aba1-4437-8687-8420098478c5,2026-09-14T19:51:46.890790,f0dbd507-aba1-4437-8687-8420098478c5.png,"Design an Easy Chair for the Design Center FSRD ITB, a space used for academic and non-academic activities such as guest lectures, seminars, workshops, sharing sessions, and meetings. The chair will primarily be used by speakers, guest speakers, and moderators, although it may also be used by students, lecturers, guests, and other visitors when no event is taking place. The intended users range approximately from 18 to 65 years old, and the chair should be suitable for sitting periods of around 1–3 hours.

Your design should respond to the different ways people may sit during these activities. Users may sit upright or lean back, lean forward while taking notes, rest one or both arms on the armrests, hold a microphone, book, or laptop, cross one leg over the other, or sit with their legs positioned more widely. The chair should therefore provide a comfortable backrest for extended use, supportive armrests, and sufficient seat width to accommodate different sitting positions comfortably. Develop an Easy Chair solution that balances these functional and user needs with a clear and thoughtful design concept.",3.46,Jalal Ameeri
2de007c7-84c0-4741-8141-a78a951677dc,2026-09-14T19:57:47.962194,2de007c7-84c0-4741-8141-a78a951677dc.png,"Design an Easy Chair for the Design Center FSRD ITB, a space used for academic and non-academic activities such as guest lectures, seminars, workshops, sharing sessions, and meetings. The chair will primarily be used by speakers, guest speakers, and moderators, although it may also be used by students, lecturers, guests, and other visitors when no event is taking place. The intended users range approximately from 18 to 65 years old, and the chair should be suitable for sitting periods of around 1–3 hours.

Your design should respond to the different ways people may sit during these activities. Users may sit upright or lean back, lean forward while taking notes, rest one or both arms on the armrests, hold a microphone, book, or laptop, cross one leg over the other, or sit with their legs positioned more widely. The chair should therefore provide a comfortable backrest for extended use, supportive armrests, and sufficient seat width to accommodate different sitting positions comfortably. Develop an Easy Chair solution that balances these functional and user needs with a clear and thoughtful design concept.",3.48,Jalal Ameeri
72501209-10a0-423f-822a-007ee6650deb,2026-09-14T20:02:34.174649,72501209-10a0-423f-822a-007ee6650deb.png,"Design an Easy Chair for the Design Center FSRD ITB, a space used for academic and non-academic activities such as guest lectures, seminars, workshops, sharing sessions, and meetings. The chair will primarily be used by speakers, guest speakers, and moderators, although it may also be used by students, lecturers, guests, and other visitors when no event is taking place. The intended users range approximately from 18 to 65 years old, and the chair should be suitable for sitting periods of around 1–3 hours.

Your design should respond to the different ways people may sit during these activities. Users may sit upright or lean back, lean forward while taking notes, rest one or both arms on the armrests, hold a microphone, book, or laptop, cross one leg over the other, or sit with their legs positioned more widely. The chair should therefore provide a comfortable backrest for extended use, supportive armrests, and sufficient seat width to accommodate different sitting positions comfortably. Develop an Easy Chair solution that balances these functional and user needs with a clear and thoughtful design concept.",3.72,Jalal Ameeri
bed39655-5d60-429c-8eb9-39d8b5e4c33a,2026-09-14T20:06:19.660145,bed39655-5d60-429c-8eb9-39d8b5e4c33a.png,"Design an Easy Chair for the Design Center FSRD ITB, a space used for academic and non-academic activities such as guest lectures, seminars, workshops, sharing sessions, and meetings. The chair will primarily be used by speakers, guest speakers, and moderators, although it may also be used by students, lecturers, guests, and other visitors when no event is taking place. The intended users range approximately from 18 to 65 years old, and the chair should be suitable for sitting periods of around 1–3 hours.

Your design should respond to the different ways people may sit during these activities. Users may sit upright or lean back, lean forward while taking notes, rest one or both arms on the armrests, hold a microphone, book, or laptop, cross one leg over the other, or sit with their legs positioned more widely. The chair should therefore provide a comfortable backrest for extended use, supportive armrests, and sufficient seat width to accommodate different sitting positions comfortably. Develop an Easy Chair solution that balances these functional and user needs with a clear and thoughtful design concept.",3.71,Jalal Ameeri
a3c5cc55-12dd-4b7a-afe4-65187d732a28,2026-09-14T20:09:29.297293,a3c5cc55-12dd-4b7a-afe4-65187d732a28.png,"Design an Easy Chair for the Design Center FSRD ITB, a space used for academic and non-academic activities such as guest lectures, seminars, workshops, sharing sessions, and meetings. The chair will primarily be used by speakers, guest speakers, and moderators, although it may also be used by students, lecturers, guests, and other visitors when no event is taking place. The intended users range approximately from 18 to 65 years old, and the chair should be suitable for sitting periods of around 1–3 hours.

Your design should respond to the different ways people may sit during these activities. Users may sit upright or lean back, lean forward while taking notes, rest one or both arms on the armrests, hold a microphone, book, or laptop, cross one leg over the other, or sit with their legs positioned more widely. The chair should therefore provide a comfortable backrest for extended use, supportive armrests, and sufficient seat width to accommodate different sitting positions comfortably. Develop an Easy Chair solution that balances these functional and user needs with a clear and thoughtful design concept.",3.91,Jalal Ameeri
295ea8d1-3f6f-450a-b0ec-68239360ca03,2026-09-14T20:12:02.116200,295ea8d1-3f6f-450a-b0ec-68239360ca03.png,"Design an Easy Chair for the Design Center FSRD ITB, a space used for academic and non-academic activities such as guest lectures, seminars, workshops, sharing sessions, and meetings. The chair will primarily be used by speakers, guest speakers, and moderators, although it may also be used by students, lecturers, guests, and other visitors when no event is taking place. The intended users range approximately from 18 to 65 years old, and the chair should be suitable for sitting periods of around 1–3 hours.

Your design should respond to the different ways people may sit during these activities. Users may sit upright or lean back, lean forward while taking notes, rest one or both arms on the armrests, hold a microphone, book, or laptop, cross one leg over the other, or sit with their legs positioned more widely. The chair should therefore provide a comfortable backrest for extended use, supportive armrests, and sufficient seat width to accommodate different sitting positions comfortably. Develop an Easy Chair solution that balances these functional and user needs with a clear and thoughtful design concept.",3.68,Jalal Ameeri
1f482f77-e963-486c-bb3c-d91223e2de9f,2026-09-14T20:18:58.328064,1f482f77-e963-486c-bb3c-d91223e2de9f.png,"Design an Easy Chair for the Design Center FSRD ITB, a space used for academic and non-academic activities such as guest lectures, seminars, workshops, sharing sessions, and meetings. The chair will primarily be used by speakers, guest speakers, and moderators, although it may also be used by students, lecturers, guests, and other visitors when no event is taking place. The intended users range approximately from 18 to 65 years old, and the chair should be suitable for sitting periods of around 1–3 hours.

Your design should respond to the different ways people may sit during these activities. Users may sit upright or lean back, lean forward while taking notes, rest one or both arms on the armrests, hold a microphone, book, or laptop, cross one leg over the other, or sit with their legs positioned more widely. The chair should therefore provide a comfortable backrest for extended use, supportive armrests, and sufficient seat width to accommodate different sitting positions comfortably. Develop an Easy Chair solution that balances these functional and user needs with a clear and thoughtful design concept.",3.63,Jalal Ameeri
08ccfdad-e698-47d6-b200-fec8e95cf380,2026-09-14T20:21:30.530253,08ccfdad-e698-47d6-b200-fec8e95cf380.png,"Design an Easy Chair for the Design Center FSRD ITB, a space used for academic and non-academic activities such as guest lectures, seminars, workshops, sharing sessions, and meetings. The chair will primarily be used by speakers, guest speakers, and moderators, although it may also be used by students, lecturers, guests, and other visitors when no event is taking place. The intended users range approximately from 18 to 65 years old, and the chair should be suitable for sitting periods of around 1–3 hours.

Your design should respond to the different ways people may sit during these activities. Users may sit upright or lean back, lean forward while taking notes, rest one or both arms on the armrests, hold a microphone, book, or laptop, cross one leg over the other, or sit with their legs positioned more widely. The chair should therefore provide a comfortable backrest for extended use, supportive armrests, and sufficient seat width to accommodate different sitting positions comfortably. Develop an Easy Chair solution that balances these functional and user needs with a clear and thoughtful design concept.",3.24,Jalal Ameeri
91bd712d-ec47-4cdc-aa44-3af008ff25c1,2026-09-14T20:25:17.986822,91bd712d-ec47-4cdc-aa44-3af008ff25c1.png,"Design an Easy Chair for the Design Center FSRD ITB, a space used for academic and non-academic activities such as guest lectures, seminars, workshops, sharing sessions, and meetings. The chair will primarily be used by speakers, guest speakers, and moderators, although it may also be used by students, lecturers, guests, and other visitors when no event is taking place. The intended users range approximately from 18 to 65 years old, and the chair should be suitable for sitting periods of around 1–3 hours.

Your design should respond to the different ways people may sit during these activities. Users may sit upright or lean back, lean forward while taking notes, rest one or both arms on the armrests, hold a microphone, book, or laptop, cross one leg over the other, or sit with their legs positioned more widely. The chair should therefore provide a comfortable backrest for extended use, supportive armrests, and sufficient seat width to accommodate different sitting positions comfortably. Develop an Easy Chair solution that balances these functional and user needs with a clear and thoughtful design concept.",3.37,Jalal Ameeri
bedbbfed-50a1-4ce7-8582-2844a4f7b645,2026-09-14T20:27:47.761510,bedbbfed-50a1-4ce7-8582-2844a4f7b645.png,"Design an Easy Chair for the Design Center FSRD ITB, a space used for academic and non-academic activities such as guest lectures, seminars, workshops, sharing sessions, and meetings. The chair will primarily be used by speakers, guest speakers, and moderators, although it may also be used by students, lecturers, guests, and other visitors when no event is taking place. The intended users range approximately from 18 to 65 years old, and the chair should be suitable for sitting periods of around 1–3 hours.

Your design should respond to the different ways people may sit during these activities. Users may sit upright or lean back, lean forward while taking notes, rest one or both arms on the armrests, hold a microphone, book, or laptop, cross one leg over the other, or sit with their legs positioned more widely. The chair should therefore provide a comfortable backrest for extended use, supportive armrests, and sufficient seat width to accommodate different sitting positions comfortably. Develop an Easy Chair solution that balances these functional and user needs with a clear and thoughtful design concept.",3.31,Jalal Ameeri
fbb03026-00f3-4ec3-a34a-b61cd606c04e,2026-09-14T20:31:19.623929,fbb03026-00f3-4ec3-a34a-b61cd606c04e.png,"Design an Easy Chair for the Design Center FSRD ITB, a space used for academic and non-academic activities such as guest lectures, seminars, workshops, sharing sessions, and meetings. The chair will primarily be used by speakers, guest speakers, and moderators, although it may also be used by students, lecturers, guests, and other visitors when no event is taking place. The intended users range approximately from 18 to 65 years old, and the chair should be suitable for sitting periods of around 1–3 hours.

Your design should respond to the different ways people may sit during these activities. Users may sit upright or lean back, lean forward while taking notes, rest one or both arms on the armrests, hold a microphone, book, or laptop, cross one leg over the other, or sit with their legs positioned more widely. The chair should therefore provide a comfortable backrest for extended use, supportive armrests, and sufficient seat width to accommodate different sitting positions comfortably. Develop an Easy Chair solution that balances these functional and user needs with a clear and thoughtful design concept.",3.46,Jalal Ameeri
